jbaker0@example.com,bJ8i3ESh,Richards,Baker,0520,donec semper sapien a libero nam dui proin leo odio porttitor id consequat in consequat ut nulla,no,,no,,no,nisl,no,lorem ipsum dolor sit amet consectetuer adipiscing,yes,orci
jgonzalez1@usda.gov,nRl7L4a5m,Kim,Gonzalez,,purus eu magna vulputate luctus cum sociis natoque penatibus et magnis dis parturient montes nascetur ridiculus,yes,et ultrices posuere,no,erat nulla tempus vivamus,yes,,yes,ut nunc vestibulum ante ipsum primis,yes,amet
cgray2@t.co,2ZNiqd0Cz,Olson,Gray,6756,proin risus praesent lectus vestibulum quam sapien varius ut blandit non interdum in ante vestibulum ante ipsum primis in,no,proin eu mi nulla,yes,ipsum dolor sit,no,,no,morbi sem mauris laoreet ut rhoncus,no,
jtorres3@howstuffworks.com,5xwPCt,Sanchez,Torres,,sapien varius ut blandit non interdum in ante vestibulum ante ipsum primis in faucibus orci luctus et,no,,no,sed lacus morbi sem mauris laoreet ut,no,gravida sem praesent id massa id nisl,no,arcu adipiscing molestie hendrerit,no,augue aliquam erat
lmendoza4@loc.gov,lCXxBLWa1,Knight,Mendoza,2581,,no,massa tempor,no,integer aliquet massa id,yes,id mauris vulputate elementum nullam varius nulla facilisi,yes,,no,quam sapien varius ut
afuller5@time.com,OLpnDx3XA,Reid,Fuller,2514,,no,donec pharetra magna vestibulum aliquet ultrices erat,yes,ut erat,yes,,yes,ultrices posuere cubilia curae,yes,a nibh
dwhite6@phoca.cz,YbZft3B,Sanders,White,12116,lectus pellentesque at nulla suspendisse potenti cras in purus eu magna vulputate,no,dolor quis odio consequat varius integer,yes,,no,sodales sed tincidunt eu felis,no,odio cras mi pede malesuada,yes,vivamus
speters7@psu.edu,OAMX6hYWgc5,Phillips,Peters,9348,suspendisse potenti cras in purus eu magna vulputate luctus cum sociis natoque penatibus et magnis,no,curabitur convallis duis consequat dui nec nisi,no,vestibulum ac est,yes,nulla dapibus dolor vel est donec,no,suscipit nulla,no,sodales scelerisque mauris sit amet
jjackson8@ehow.com,cCEizj,Jacobs,Jackson,433,ipsum primis in faucibus orci luctus et ultrices posuere cubilia curae nulla dapibus dolor vel est donec,no,,no,,yes,est phasellus sit amet erat nulla,yes,,no,
mwells9@gov.uk,K4yGUkYO,Hayes,Wells,51,,no,,no,luctus et ultrices posuere cubilia curae mauris,yes,mauris non ligula pellentesque ultrices,yes,consequat in consequat ut nulla sed,no,
erosea@trellian.com,kPgbRCwauHw,Perry,Rose,40,dis parturient montes nascetur ridiculus mus vivamus vestibulum sagittis sapien cum sociis natoque penatibus et magnis dis parturient,yes,id sapien,yes,,no,maecenas leo odio,no,est phasellus sit amet erat nulla tempus,yes,turpis sed ante vivamus
cspencerb@nasa.gov,CqSe9FADxe,Dean,Spencer,849,,yes,luctus et ultrices posuere cubilia,yes,,yes,lectus in,yes,,no,
jbaileyc@prweb.com,FrW3PwUed6,Moore,Bailey,,magna at nunc commodo placerat praesent blandit nam nulla integer pede justo lacinia eget tincidunt eget tempus,yes,,no,duis mattis egestas metus aenean fermentum,yes,condimentum curabitur in libero,no,congue elementum in hac,no,
wmccoyd@sohu.com,bD8dFZNlPAb,Pierce,Mccoy,0,eu est congue elementum in hac habitasse platea dictumst morbi vestibulum velit,no,ligula sit amet eleifend pede libero quis,yes,libero,no,maecenas,no,accumsan felis ut at,no,vestibulum quam
hmatthewse@live.com,s5JAyJD,Murray,Matthews,,cum sociis natoque penatibus et magnis dis parturient montes nascetur ridiculus mus etiam vel augue vestibulum rutrum rutrum neque aenean,yes,,no,,no,luctus et ultrices posuere cubilia curae nulla,no,,yes,
jhuntf@mlb.com,3jEFPZqr2D4,Howell,Hunt,13768,,yes,,yes,sed magna at nunc commodo placerat,yes,pretium iaculis justo in,yes,elementum pellentesque quisque porta volutpat erat quisque erat,yes,quam pharetra
gpetersong@webmd.com,qAILlR8,Hart,Peterson,93,,yes,,yes,odio elementum eu interdum eu tincidunt,no,orci eget orci vehicula condimentum curabitur in libero,no,,yes,nulla tellus
rmontgomeryh@nih.gov,CNWCso1V6RU,Mccoy,Montgomery,929,,no,curae donec pharetra magna vestibulum aliquet ultrices,no,semper sapien a libero nam,no,consequat nulla,yes,elementum ligula vehicula,no,amet diam in
ehanseni@diigo.com,Aq0rCJnltfzf,Larson,Hansen,39126,diam neque vestibulum eget vulputate ut ultrices vel augue vestibulum ante ipsum primis in faucibus,yes,aenean fermentum donec ut,yes,integer tincidunt ante vel ipsum,no,sed vel enim sit amet nunc viverra dapibus,no,tempus sit amet,yes,
tfrazierj@goo.gl,lJfvq7mkE,Martin,Frazier,1479,lobortis ligula sit amet eleifend pede libero quis orci nullam molestie nibh in lectus pellentesque at,yes,ac nulla sed,no,sed accumsan,yes,orci pede,no,suspendisse accumsan tortor quis,yes,ultrices phasellus id sapien in sapien iaculis congue
pgonzalesk@creativecommons.org,zPo8iG4,Weaver,Gonzales,5171,ante nulla justo aliquam quis turpis eget elit sodales scelerisque mauris sit amet eros suspendisse accumsan tortor,no,amet justo morbi ut odio cras mi,no,a odio in hac habitasse platea dictumst maecenas ut,yes,diam erat fermentum justo nec condimentum neque,no,vel sem sed sagittis nam,yes,ipsum dolor
jmartinezl@hud.gov,iPCHUQM2p7Ul,Simmons,Martinez,,,yes,justo,yes,non velit donec diam neque vestibulum eget vulputate ut,yes,nisl nunc rhoncus dui vel sem sed,yes,,yes,dictumst aliquam
eperkinsm@360.cn,kPrx8r9,Carr,Perkins,660,pede libero quis orci nullam molestie nibh in lectus pellentesque at,no,curae nulla,no,mauris morbi non,yes,mauris ullamcorper,no,velit eu,no,habitasse platea dictumst etiam faucibus cursus urna ut
jhendersonn@bloglines.com,MteD3PU2,Medina,Henderson,88973,enim leo rhoncus sed vestibulum sit amet cursus id turpis integer aliquet,no,natoque penatibus,no,ut massa volutpat convallis morbi,no,sagittis sapien cum sociis natoque penatibus et,yes,ultrices,no,aliquet at
earnoldo@g.co,DG9bc7xM,Jordan,Arnold,28,ut nulla sed accumsan felis ut at dolor quis odio,no,at velit vivamus,no,lacinia,no,at vulputate vitae,yes,metus sapien ut,yes,tellus semper interdum mauris
esmithp@51.la,NiIzwSRrWuO,Ramirez,Smith,67944,maecenas leo odio condimentum id luctus nec molestie sed justo pellentesque viverra pede ac diam,yes,,yes,nec molestie sed justo pellentesque,no,luctus,yes,tempor convallis nulla neque libero convallis,yes,suspendisse accumsan tortor quis turpis
sharrisonq@mlb.com,u5Tz7Z76,Chapman,Harrison,2,erat id mauris vulputate elementum nullam varius nulla facilisi cras non velit nec nisi vulputate nonummy maecenas tincidunt,no,potenti cras in purus eu magna vulputate luctus,yes,ut massa volutpat convallis morbi odio odio,no,fermentum justo,yes,phasellus sit amet,no,
jmorenor@admin.ch,GpCIms87f,Jacobs,Moreno,,gravida sem praesent id massa id nisl venenatis lacinia aenean sit amet,no,erat curabitur gravida nisi at nibh in,yes,vivamus in felis eu sapien cursus vestibulum proin,yes,donec,yes,cras,yes,
jelliss@java.com,nFBhwr,Cooper,Ellis,73,,no,magna,yes,a feugiat et,no,,no,,yes,ante vel ipsum praesent
sfowlert@wikia.com,3FiiWAaaax18,Snyder,Fowler,9,in purus eu magna vulputate luctus cum sociis natoque penatibus et magnis dis parturient montes nascetur ridiculus mus,yes,sit amet sapien dignissim,no,quam fringilla rhoncus mauris enim,no,at,no,,no,ut
bryanu@squarespace.com,Zj2Y8mXkDD,Hunt,Ryan,6160,augue vestibulum ante ipsum primis in faucibus orci luctus et ultrices posuere cubilia curae,yes,laoreet ut rhoncus aliquet pulvinar sed nisl nunc,no,,yes,,no,,no,a libero nam dui proin leo odio
rdayv@marketwatch.com,M7bhCFB,Willis,Day,4428,,yes,lectus pellentesque at nulla suspendisse potenti cras in,yes,turpis a pede posuere nonummy integer,no,dis parturient montes nascetur ridiculus mus etiam vel,no,,no,
abaileyw@java.com,RTHDcrhl,Fields,Bailey,7,,yes,,no,ultrices posuere cubilia curae,no,in faucibus orci luctus et,yes,metus vitae ipsum aliquam non mauris morbi,yes,sed tristique in tempus sit amet sem
jramirezx@examiner.com,8GQ9w2LHT,Stephens,Ramirez,28320,nam nulla integer pede justo lacinia eget tincidunt eget tempus,no,magnis dis parturient montes nascetur ridiculus mus,yes,primis in faucibus orci luctus et ultrices,yes,morbi sem mauris laoreet,no,massa id lobortis convallis tortor risus dapibus,yes,donec ut
tharrisy@php.net,3Tw6b4V,Peterson,Harris,5,parturient montes nascetur ridiculus mus vivamus vestibulum sagittis sapien cum sociis natoque penatibus et magnis dis parturient montes,no,pretium,yes,iaculis congue vivamus metus arcu adipiscing molestie,no,,no,vel enim,yes,blandit mi
jparkerz@sogou.com,DI4cMN,Harris,Parker,,quis orci nullam molestie nibh in lectus pellentesque at nulla suspendisse potenti cras,yes,,no,,yes,,yes,donec odio,yes,turpis
moliver10@vimeo.com,bIqQZZ,Sanchez,Oliver,3,non pretium quis lectus suspendisse potenti in eleifend quam a odio in,yes,duis aliquam convallis,no,massa id nisl venenatis,yes,,no,lobortis vel dapibus at diam nam tristique,no,pellentesque volutpat dui maecenas tristique est et
ljones11@epa.gov,ROR4TVXhft7n,Mccoy,Jones,0,justo sollicitudin ut suscipit a feugiat et eros vestibulum ac est lacinia,yes,laoreet ut rhoncus,no,nam,yes,eu nibh quisque,no,nonummy,yes,
cgray12@nymag.com,p5YYH9vu,Wallace,Gray,,,no,vel nisl duis ac nibh fusce,yes,posuere cubilia curae donec pharetra magna,yes,,no,et commodo vulputate justo in blandit,no,amet sem fusce consequat nulla nisl nunc
bgomez13@reuters.com,lajaQqcxAbwY,Dixon,Gomez,47660,nullam molestie nibh in lectus pellentesque at nulla suspendisse potenti cras in purus eu magna vulputate luctus cum,no,,yes,vehicula consequat morbi a ipsum,no,sit amet cursus id turpis,yes,quis libero nullam sit amet,yes,
jross14@unblog.fr,3yPiRTFWv,Mills,Ross,997,adipiscing molestie hendrerit at vulputate vitae nisl aenean lectus pellentesque eget nunc donec quis orci eget orci vehicula condimentum curabitur,no,aenean lectus pellentesque eget nunc,yes,libero non mattis pulvinar nulla,yes,,yes,velit nec nisi vulputate nonummy maecenas tincidunt,yes,id ligula suspendisse ornare consequat lectus in est
twilliams15@microsoft.com,hn0zrcFcZRU,Wilson,Williams,,dolor quis odio consequat varius integer ac leo pellentesque ultrices mattis odio donec vitae nisi,yes,magnis dis parturient montes,yes,volutpat convallis morbi,yes,magnis dis parturient montes nascetur,yes,nulla,yes,libero non mattis pulvinar nulla pede ullamcorper
acooper16@de.vu,t6vLRuMHib,Dean,Cooper,66,eget elit sodales scelerisque mauris sit amet eros suspendisse accumsan tortor quis turpis,yes,quam pede lobortis,yes,consequat morbi a ipsum integer,no,parturient montes,no,amet diam in magna bibendum imperdiet nullam orci,no,lacinia aenean sit amet justo
pmiller17@wordpress.org,tYsXMZi6c2u,Carpenter,Miller,236,ligula vehicula consequat morbi a ipsum integer a nibh in quis,no,ac nibh fusce lacus purus aliquet at feugiat,no,in lacus curabitur at,no,,no,in hac habitasse platea dictumst aliquam augue,no,nulla justo
nwebb18@blogger.com,I34COvrl6bJ,Vasquez,Webb,810,,yes,,yes,ultricies eu nibh,yes,,yes,,no,
dallen19@imageshack.us,N2wugLw,Harvey,Allen,42,non quam nec dui luctus rutrum nulla tellus in sagittis dui vel,no,urna pretium nisl ut volutpat sapien,no,orci luctus,no,vestibulum aliquet ultrices,yes,lorem ipsum dolor sit amet consectetuer adipiscing elit,no,
spalmer1a@dailymotion.com,OCibxNZ,Day,Palmer,43,,no,tellus in sagittis dui vel,no,,no,dui nec nisi volutpat eleifend,yes,,no,ligula vehicula consequat morbi
treyes1b@ox.ac.uk,0BfkYjMEp,Campbell,Reyes,0270,ultrices posuere cubilia curae mauris viverra diam vitae quam suspendisse potenti nullam porttitor lacus at turpis donec posuere metus,yes,,yes,nam nulla integer pede justo lacinia eget tincidunt eget,no,,no,,no,venenatis tristique fusce congue diam id ornare
lmorales1c@flickr.com,sWQFrPA5sG,Foster,Morales,98265,,yes,vel nisl duis ac nibh fusce lacus,yes,,yes,sit amet lobortis,yes,,yes,blandit nam nulla integer pede justo
jstewart1d@hp.com,rabZuLMAbb,Fisher,Stewart,2260,maecenas leo odio condimentum id luctus nec molestie sed justo pellentesque viverra pede ac diam cras pellentesque,no,enim sit amet,no,vulputate vitae nisl aenean lectus pellentesque eget nunc,yes,in porttitor pede justo,no,,yes,eu nibh quisque
jcollins1e@uiuc.edu,S9NnuQ,Crawford,Collins,,convallis nulla neque libero convallis eget eleifend luctus ultricies eu nibh quisque id justo sit amet,yes,justo nec condimentum neque sapien placerat ante nulla,yes,,yes,ut erat curabitur gravida nisi,no,,yes,cum
amontgomery1f@shutterfly.com,YYsiUm6Apf,Bailey,Montgomery,3782,sit amet nulla quisque arcu libero rutrum ac lobortis vel dapibus at diam nam tristique tortor eu,no,sapien quis libero nullam sit amet turpis,no,elementum pellentesque quisque porta,yes,vitae consectetuer,no,,yes,sodales sed tincidunt eu felis fusce posuere
shall1g@netscape.com,Ipp2H0xb,Brown,Hall,89452,,yes,sit amet eleifend pede libero quis orci,no,odio donec vitae nisi nam,yes,molestie lorem quisque ut erat,yes,,no,luctus et ultrices posuere cubilia
bmartinez1h@ftc.gov,BNonAWI,Kelly,Martinez,,posuere cubilia curae nulla dapibus dolor vel est donec odio,yes,suscipit ligula in,yes,ac nulla sed vel enim sit amet,yes,erat id mauris vulputate elementum nullam,yes,non velit donec diam neque,yes,justo in hac habitasse
jhanson1i@surveymonkey.com,GJ25WxyK,Hayes,Hanson,,laoreet ut rhoncus aliquet pulvinar sed nisl nunc rhoncus dui vel sem sed sagittis nam congue risus,yes,at,yes,,no,erat volutpat in congue etiam justo,yes,,no,a
agarza1j@technorati.com,7v23hpT0NODQ,Lawson,Garza,94095,faucibus cursus urna ut tellus nulla ut erat id mauris vulputate elementum nullam varius nulla facilisi,yes,velit eu est,no,potenti cras in,no,vehicula consequat morbi a ipsum integer,yes,nisl duis bibendum felis sed interdum,no,
cwells1k@webeden.co.uk,3T2XxgCC,Chapman,Wells,3075,id ligula suspendisse ornare consequat lectus in est risus auctor sed tristique,yes,,yes,,no,sem mauris laoreet ut rhoncus aliquet pulvinar,no,amet consectetuer adipiscing,yes,
jford1l@networksolutions.com,m1Aj67OiDurI,Medina,Ford,,eget tempus vel pede morbi porttitor lorem id ligula suspendisse ornare consequat lectus in est,no,ut,yes,aliquam augue,no,,yes,lobortis convallis tortor risus dapibus augue vel accumsan,no,at ipsum ac tellus semper
abryant1m@apache.org,J6FUhvd8k4b,Kim,Bryant,7571,,no,volutpat convallis morbi odio,no,molestie nibh in lectus pellentesque at,no,lacinia sapien quis libero nullam sit amet turpis,no,,yes,massa volutpat convallis
awatson1n@moonfruit.com,jfG1R7QKFaq,Harrison,Watson,64,nec molestie sed justo pellentesque viverra pede ac diam cras pellentesque volutpat dui maecenas tristique,yes,morbi a,no,pede malesuada in imperdiet et commodo,yes,dapibus,yes,nisl ut volutpat sapien arcu sed augue,yes,velit donec diam
fflores1o@deliciousdays.com,nzlwHD,Banks,Flores,9240,dis parturient montes nascetur ridiculus mus vivamus vestibulum sagittis sapien cum sociis natoque penatibus et magnis dis parturient montes nascetur,yes,,no,maecenas leo odio,yes,tellus,yes,,no,tincidunt
kwagner1p@auda.org.au,FO6adxSfh,Henry,Wagner,,ipsum primis in faucibus orci luctus et ultrices posuere cubilia curae duis faucibus accumsan odio,yes,,yes,cubilia curae donec pharetra magna vestibulum aliquet,no,,no,sagittis sapien cum sociis natoque,yes,et
trichardson1q@cam.ac.uk,0hkdlqUvdMYF,Simpson,Richardson,,lacus purus aliquet at feugiat non pretium quis lectus suspendisse potenti,no,non,no,sapien dignissim vestibulum vestibulum ante ipsum primis,no,ultrices posuere cubilia curae duis,yes,primis in faucibus orci luctus et,no,sollicitudin mi sit amet lobortis sapien sapien non
jperkins1r@altervista.org,GXsUG7,Scott,Perkins,,augue aliquam erat volutpat in congue etiam justo etiam pretium iaculis justo in hac habitasse,yes,,no,,yes,nulla ultrices aliquet maecenas leo odio,no,faucibus accumsan odio curabitur,yes,lorem integer tincidunt ante vel ipsum praesent blandit
edixon1s@multiply.com,bJm3N2w,Carroll,Dixon,4485,,no,,no,tristique est et tempus semper est,yes,,yes,orci luctus et ultrices posuere cubilia,no,ligula sit amet eleifend pede libero
cmeyer1t@reference.com,VRLGKu,Hansen,Meyer,72902,,yes,,no,penatibus,yes,mauris viverra diam vitae quam,no,,yes,donec posuere metus vitae ipsum
arogers1u@timesonline.co.uk,1vGyl431JN3,Harper,Rogers,00,,no,justo sit amet sapien dignissim vestibulum vestibulum,yes,est quam pharetra,yes,,yes,nulla tellus in sagittis dui vel nisl duis,no,
rturner1v@dailymail.co.uk,oWUwSkR6Rh,Wells,Turner,,,no,ante nulla justo aliquam quis,yes,adipiscing elit proin interdum mauris non ligula pellentesque ultrices,yes,nullam orci,no,,yes,eget eros elementum pellentesque quisque porta
cray1w@bing.com,Mc5oYxvnnt,Scott,Ray,67183,id luctus nec molestie sed justo pellentesque viverra pede ac diam cras pellentesque volutpat dui maecenas tristique,yes,ut,no,ipsum primis in faucibus orci luctus et ultrices,no,neque duis,no,blandit,yes,suspendisse accumsan tortor quis turpis sed ante
groberts1x@ucsd.edu,of1uyIXSEWia,Green,Roberts,52,ac tellus semper interdum mauris ullamcorper purus sit amet nulla quisque arcu libero,no,proin risus praesent lectus vestibulum,no,lectus vestibulum quam sapien varius,no,habitasse platea dictumst morbi vestibulum velit,no,sed justo pellentesque,no,sit amet diam in magna bibendum imperdiet
rwelch1y@gravatar.com,3OAVVa,Bishop,Welch,12184,nisl aenean lectus pellentesque eget nunc donec quis orci eget orci vehicula condimentum curabitur,no,felis sed lacus morbi sem mauris,yes,morbi vestibulum velit id pretium iaculis diam,yes,sapien iaculis congue vivamus,yes,sem praesent id,yes,
mcampbell1z@pinterest.com,YlCKYvvh3Yi,Morrison,Campbell,7,lobortis sapien sapien non mi integer ac neque duis bibendum morbi non quam nec dui,no,rhoncus aliquam,yes,sodales,no,non pretium quis lectus suspendisse,no,non ligula,no,
cmartin20@goo.ne.jp,kR0c3XozLZk,Wright,Martin,,,no,ante ipsum primis in faucibus,no,suspendisse potenti nullam porttitor lacus at,no,,yes,nulla suspendisse potenti,no,amet cursus id turpis integer aliquet massa
rpatterson21@npr.org,3Dt3eLJCas,Mccoy,Patterson,,rutrum rutrum neque aenean auctor gravida sem praesent id massa id nisl venenatis lacinia aenean sit amet justo morbi,yes,a libero nam dui proin leo odio porttitor,no,,yes,a,yes,,yes,bibendum imperdiet nullam orci pede
jgonzalez22@1und1.de,EB1goL,Hunt,Gonzalez,,ultricies eu nibh quisque id justo sit amet sapien dignissim vestibulum vestibulum ante ipsum primis in,yes,nec condimentum neque,no,in eleifend quam a,no,,yes,ipsum aliquam non mauris morbi non,no,dolor sit amet consectetuer adipiscing elit proin
lmorgan23@weather.com,OMiq4t,Patterson,Morgan,1,eros elementum pellentesque quisque porta volutpat erat quisque erat eros viverra eget congue,no,,yes,dis parturient montes nascetur ridiculus mus etiam,yes,mattis pulvinar nulla pede ullamcorper,yes,consequat in consequat ut nulla sed accumsan,no,
twright24@live.com,8fU6L3,Schmidt,Wright,,sollicitudin vitae consectetuer eget rutrum at lorem integer tincidunt ante vel ipsum praesent blandit,yes,viverra,no,eget nunc donec quis orci eget orci vehicula condimentum,no,proin,yes,malesuada in imperdiet et commodo,yes,ipsum aliquam non mauris morbi non lectus aliquam
jhowell25@soundcloud.com,8kfrR9,Rivera,Howell,6133,primis in faucibus orci luctus et ultrices posuere cubilia curae nulla,no,pede ullamcorper augue,yes,,yes,interdum,no,nisl venenatis lacinia aenean sit amet justo,yes,nulla ultrices aliquet maecenas leo odio condimentum id
lellis26@mozilla.com,LA07sf,Garza,Ellis,28239,,yes,,no,ligula vehicula consequat,yes,,no,vel augue vestibulum,yes,in faucibus orci luctus et
jarmstrong27@unc.edu,JHqlEYrI,Murphy,Armstrong,84762,vitae mattis nibh ligula nec sem duis aliquam convallis nunc,yes,posuere nonummy integer non velit donec diam neque,yes,id consequat in consequat ut nulla,no,posuere felis,no,,yes,
chernandez28@over-blog.com,7XGZiWAD,Murray,Hernandez,528,,no,ac tellus semper interdum,yes,consectetuer adipiscing,yes,,no,sapien ut nunc vestibulum ante ipsum primis,yes,tellus nisi eu
rstephens29@exblog.jp,RS4HPM6t5,Stephens,Stephens,7400,parturient montes nascetur ridiculus mus vivamus vestibulum sagittis sapien cum sociis natoque penatibus et magnis dis,no,dolor morbi vel lectus in quam,no,,no,,yes,sem fusce consequat,no,
kmccoy2a@cargocollective.com,TVJvXWFw6,Kim,Mccoy,01038,aliquet at feugiat non pretium quis lectus suspendisse potenti in eleifend quam,no,commodo vulputate justo in blandit,no,convallis tortor risus dapibus,yes,,no,,no,cursus id turpis integer aliquet massa id
jking2b@timesonline.co.uk,3N3nzcrYi7,Miller,King,08931,tincidunt nulla mollis molestie lorem quisque ut erat curabitur gravida nisi at,yes,vitae,yes,,no,sit amet justo morbi ut odio cras,no,pulvinar,yes,
aphillips2c@nytimes.com,OtpvYjLej0X3,Rivera,Phillips,0,erat nulla tempus vivamus in felis eu sapien cursus vestibulum proin eu mi,no,,yes,,no,libero non mattis pulvinar nulla pede ullamcorper,no,consequat in consequat,yes,orci luctus et ultrices posuere cubilia curae mauris
lyoung2d@patch.com,TJHXhgnAKgRJ,Rogers,Young,7,,yes,,yes,amet eros suspendisse accumsan tortor,no,cubilia curae nulla dapibus dolor vel est donec,yes,ultrices libero non mattis pulvinar,yes,in imperdiet et commodo vulputate justo in
lharvey2e@thetimes.co.uk,AjpWIORkMtSO,Medina,Harvey,,consequat varius integer ac leo pellentesque ultrices mattis odio donec vitae nisi nam ultrices libero non mattis pulvinar nulla pede,yes,,yes,nulla ut erat id mauris vulputate elementum nullam varius,yes,interdum in ante vestibulum ante ipsum,no,in imperdiet et commodo,no,tincidunt nulla mollis molestie lorem quisque
gandrews2f@seattletimes.com,BDfJZyCh,Bailey,Andrews,1099,lectus in quam fringilla rhoncus mauris enim leo rhoncus sed vestibulum sit amet cursus id turpis integer,no,donec ut dolor morbi vel lectus in,no,nulla tempus vivamus in felis eu,no,non pretium,no,,yes,
dmccoy2g@psu.edu,BQC5HVkqUGZV,Baker,Mccoy,77965,,no,ultrices posuere cubilia curae donec pharetra magna vestibulum,no,bibendum felis sed interdum venenatis turpis enim,yes,,yes,,no,
afields2h@sfgate.com,RZfKTToNScap,Hunter,Fields,8,sed nisl nunc rhoncus dui vel sem sed sagittis nam congue risus semper porta volutpat quam pede lobortis,yes,duis aliquam convallis,no,pellentesque ultrices phasellus id sapien in,yes,pretium quis lectus suspendisse potenti,yes,dui maecenas tristique,no,
arichards2i@tumblr.com,FSGnillUbTH,Lee,Richards,,,yes,aliquet ultrices,yes,,no,quisque porta volutpat erat,yes,in faucibus orci luctus,no,
nparker2j@weebly.com,4yJ8q3MNAS,Miller,Parker,8,duis bibendum morbi non quam nec dui luctus rutrum nulla tellus in,yes,a pede posuere nonummy integer,yes,vel augue vestibulum,yes,nisi vulputate nonummy maecenas tincidunt,no,vestibulum sagittis sapien cum,no,primis in faucibus orci luctus et ultrices
sreed2k@twitpic.com,XiV3x9SMnuk,Brooks,Reed,72269,erat id mauris vulputate elementum nullam varius nulla facilisi cras non velit nec nisi,yes,,yes,elit proin,yes,ultricies eu nibh quisque id justo sit,no,neque libero convallis eget eleifend luctus ultricies,yes,vestibulum ante ipsum primis in
dmyers2l@theguardian.com,ccl3dX6nF,Miller,Myers,5,blandit mi in porttitor pede justo eu massa donec dapibus duis at velit eu est congue,no,amet,no,bibendum imperdiet nullam orci,no,cursus urna ut tellus nulla ut erat id,yes,primis in faucibus orci luctus et ultrices posuere,yes,condimentum neque sapien
ewatson2m@microsoft.com,ZsubKTgd,Greene,Watson,708,porttitor lorem id ligula suspendisse ornare consequat lectus in est risus auctor sed tristique in tempus,yes,,no,in eleifend,no,,yes,egestas metus,yes,dui maecenas tristique est et
mstone2n@slashdot.org,4pRfByoL,Clark,Stone,,a ipsum integer a nibh in quis justo maecenas rhoncus,no,libero,no,,yes,,yes,,yes,in
kramos2o@msn.com,mfst1EWF3M,Gibson,Ramos,00,quam sollicitudin vitae consectetuer eget rutrum at lorem integer tincidunt ante vel ipsum praesent blandit lacinia erat vestibulum,yes,vestibulum sit amet cursus,yes,,yes,ipsum primis in faucibus orci luctus,no,,no,
eharrison2p@amazon.co.jp,MJ7PNZkD,Martinez,Harrison,2,at dolor quis odio consequat varius integer ac leo pellentesque ultrices mattis odio donec vitae nisi nam ultrices,no,bibendum felis sed,yes,,no,sem mauris laoreet ut rhoncus aliquet,yes,eu,yes,in
pwoods2q@accuweather.com,EuLPrpzP0,Edwards,Woods,,massa id nisl venenatis lacinia aenean sit amet justo morbi ut,yes,,no,lacinia nisi venenatis tristique fusce congue,yes,,yes,,yes,morbi odio odio elementum
nfreeman2r@icq.com,Hutthx0Jhn,Powell,Freeman,,natoque penatibus et magnis dis parturient montes nascetur ridiculus mus etiam,yes,,yes,feugiat non pretium quis lectus suspendisse,no,faucibus orci luctus et ultrices posuere cubilia curae,yes,ultrices posuere cubilia curae mauris viverra diam,yes,enim sit amet nunc
